{
    "metrics": {
        "checks": {
            "fails": 0,
            "passes": 39,
            "value": 0
        },
        "data_received": {
            "count": 23439,
            "rate": 594.1918228442595
        },
        "data_sent": {
            "count": 6396,
            "rate": 162.1421945864535
        },
        "http_req_blocked": {
            "avg": 0.020116153846153846,
            "max": 0.504305,
            "med": 0.006614,
            "min": 0.005931,
            "p(90)": 0.010195200000000003,
            "p(95)": 0.012708400000000002
        },
        "http_req_connecting": {
            "avg": 0.004632205128205128,
            "max": 0.180656,
            "med": 0,
            "min": 0,
            "p(90)": 0,
            "p(95)": 0
        },
        "http_req_duration": {
            "avg": 17.601486410256417,
            "max": 510.355278,
            "med": 4.305949,
            "min": 3.698806,
            "p(90)": 6.6284296000000005,
            "p(95)": 7.0179428,
            "thresholds": {
                "p(99)<1500": false
            }
        },
        "http_req_receiving": {
            "avg": 0.4786355128205129,
            "max": 2.834383,
            "med": 0.319174,
            "min": 0.168524,
            "p(90)": 0.6810868000000002,
            "p(95)": 1.2433198000000016
        },
        "http_req_sending": {
            "avg": 0.057117,
            "max": 0.849719,
            "med": 0.033044,
            "min": 0.029975,
            "p(90)": 0.053826800000000015,
            "p(95)": 0.05798910000000001
        },
        "http_req_tls_handshaking": {
            "avg": 0,
            "max": 0,
            "med": 0,
            "min": 0,
            "p(90)": 0,
            "p(95)": 0
        },
        "http_req_waiting": {
            "avg": 17.065733897435898,
            "max": 506.671176,
            "med": 3.94184,
            "min": 3.405958,
            "p(90)": 5.914478000000001,
            "p(95)": 6.414045800000001
        },
        "http_reqs": {
            "count": 39,
            "rate": 0.9886719182100824
        },
        "iteration_duration": {
            "avg": 1018.4911515000002,
            "max": 1513.649061,
            "med": 1004.8567290000001,
            "min": 1004.204911,
            "p(90)": 1006.9181625,
            "p(95)": 1007.33489875
        },
        "iterations": {
            "count": 38,
            "rate": 0.9633213562046956
        },
        "vus": {
            "max": 1,
            "min": 1,
            "value": 1
        },
        "vus_max": {
            "max": 1,
            "min": 1,
            "value": 1
        }
    },
    "root_group": {
        "name": "",
        "path": "",
        "id": "d41d8cd98f00b204e9800998ecf8427e",
        "groups": {},
        "checks": {
            "status was 200": {
                "name": "status was 200",
                "path": "::status was 200",
                "id": "1461660757a913d4fb82ac4c5e1009de",
                "passes": 39,
                "fails": 0
            }
        }
    }
}
