{
    "metrics": {
        "checks": {
            "fails": 0,
            "passes": 60,
            "value": 0
        },
        "data_received": {
            "count": 36060,
            "rate": 597.9760940719788
        },
        "data_sent": {
            "count": 9840,
            "rate": 163.17484097804413
        },
        "http_req_blocked": {
            "avg": 0.012252883333333336,
            "max": 0.336961,
            "med": 0.0065485000000000005,
            "min": 0.005558,
            "p(90)": 0.0077674,
            "p(95)": 0.0098345
        },
        "http_req_connecting": {
            "avg": 0.0028533,
            "max": 0.171198,
            "med": 0,
            "min": 0,
            "p(90)": 0,
            "p(95)": 0
        },
        "http_req_duration": {
            "avg": 3.6910875499999998,
            "max": 6.95799,
            "med": 3.4958150000000003,
            "min": 2.87306,
            "p(90)": 4.428845,
            "p(95)": 4.637328149999996,
            "thresholds": {
                "p(99)<1500": false
            }
        },
        "http_req_receiving": {
            "avg": 0.34764389999999995,
            "max": 2.896474,
            "med": 0.25837200000000005,
            "min": 0.090375,
            "p(90)": 0.42187870000000005,
            "p(95)": 0.656289899999999
        },
        "http_req_sending": {
            "avg": 0.037356833333333346,
            "max": 0.08879,
            "med": 0.034673999999999996,
            "min": 0.030849,
            "p(90)": 0.0458094,
            "p(95)": 0.0489234
        },
        "http_req_tls_handshaking": {
            "avg": 0,
            "max": 0,
            "med": 0,
            "min": 0,
            "p(90)": 0,
            "p(95)": 0
        },
        "http_req_waiting": {
            "avg": 3.306086816666667,
            "max": 5.968277,
            "med": 3.094884,
            "min": 2.58973,
            "p(90)": 4.0528815,
            "p(95)": 4.2653943
        },
        "http_reqs": {
            "count": 60,
            "rate": 0.9949685425490495
        },
        "iteration_duration": {
            "avg": 1004.172978,
            "max": 1008.035522,
            "med": 1003.9618754999999,
            "min": 1003.284167,
            "p(90)": 1004.9231111,
            "p(95)": 1005.05313265
        },
        "iterations": {
            "count": 60,
            "rate": 0.9949685425490495
        },
        "vus": {
            "max": 1,
            "min": 1,
            "value": 1
        },
        "vus_max": {
            "max": 1,
            "min": 1,
            "value": 1
        }
    },
    "root_group": {
        "name": "",
        "path": "",
        "id": "d41d8cd98f00b204e9800998ecf8427e",
        "groups": {},
        "checks": {
            "status was 200": {
                "name": "status was 200",
                "path": "::status was 200",
                "id": "1461660757a913d4fb82ac4c5e1009de",
                "passes": 60,
                "fails": 0
            }
        }
    }
}
