{
    "metrics": {
        "checks": {
            "fails": 0,
            "passes": 60,
            "value": 0
        },
        "data_received": {
            "count": 36060,
            "rate": 597.1282465241376
        },
        "data_sent": {
            "count": 9840,
            "rate": 162.9434815806299
        },
        "http_req_blocked": {
            "avg": 0.014825783333333334,
            "max": 0.454474,
            "med": 0.0070995,
            "min": 0.005766,
            "p(90)": 0.009058000000000002,
            "p(95)": 0.0121567
        },
        "http_req_connecting": {
            "avg": 0.002820183333333333,
            "max": 0.169211,
            "med": 0,
            "min": 0,
            "p(90)": 0,
            "p(95)": 0
        },
        "http_req_duration": {
            "avg": 4.915216466666666,
            "max": 8.439639,
            "med": 4.695976,
            "min": 3.65742,
            "p(90)": 6.393102900000001,
            "p(95)": 6.5677124000000005,
            "thresholds": {
                "p(99)<1500": false
            }
        },
        "http_req_receiving": {
            "avg": 0.4509077499999999,
            "max": 1.424139,
            "med": 0.397725,
            "min": 0.098653,
            "p(90)": 0.6001470000000001,
            "p(95)": 0.759284999999999
        },
        "http_req_sending": {
            "avg": 0.054795783333333334,
            "max": 0.846418,
            "med": 0.038149,
            "min": 0.034204,
            "p(90)": 0.0516096,
            "p(95)": 0.06290224999999997
        },
        "http_req_tls_handshaking": {
            "avg": 0,
            "max": 0,
            "med": 0,
            "min": 0,
            "p(90)": 0,
            "p(95)": 0
        },
        "http_req_waiting": {
            "avg": 4.409512933333334,
            "max": 7.308162,
            "med": 4.225111,
            "min": 3.293538,
            "p(90)": 5.7364987,
            "p(95)": 6.14236295
        },
        "http_reqs": {
            "count": 60,
            "rate": 0.993557814516036
        },
        "iteration_duration": {
            "avg": 1005.5409678,
            "max": 1011.749906,
            "med": 1005.2897825,
            "min": 1004.155313,
            "p(90)": 1006.9416807,
            "p(95)": 1007.3103935
        },
        "iterations": {
            "count": 60,
            "rate": 0.993557814516036
        },
        "vus": {
            "max": 1,
            "min": 1,
            "value": 1
        },
        "vus_max": {
            "max": 1,
            "min": 1,
            "value": 1
        }
    },
    "root_group": {
        "name": "",
        "path": "",
        "id": "d41d8cd98f00b204e9800998ecf8427e",
        "groups": {},
        "checks": {
            "status was 200": {
                "name": "status was 200",
                "path": "::status was 200",
                "id": "1461660757a913d4fb82ac4c5e1009de",
                "passes": 60,
                "fails": 0
            }
        }
    }
}
