{
    "metrics": {
        "checks": {
            "fails": 0,
            "passes": 60,
            "value": 0
        },
        "data_received": {
            "count": 36060,
            "rate": 597.4121800078264
        },
        "data_sent": {
            "count": 9840,
            "rate": 163.02096093391603
        },
        "http_req_blocked": {
            "avg": 0.017411283333333336,
            "max": 0.570542,
            "med": 0.007323,
            "min": 0.006049,
            "p(90)": 0.0112733,
            "p(95)": 0.012101599999999997
        },
        "http_req_connecting": {
            "avg": 0.002767466666666667,
            "max": 0.166048,
            "med": 0,
            "min": 0,
            "p(90)": 0,
            "p(95)": 0
        },
        "http_req_duration": {
            "avg": 4.357986433333332,
            "max": 10.578496,
            "med": 3.8955919999999997,
            "min": 2.953842,
            "p(90)": 5.7290104,
            "p(95)": 7.569776349999998,
            "thresholds": {
                "p(99)<1500": false
            }
        },
        "http_req_receiving": {
            "avg": 0.4062179666666668,
            "max": 1.999465,
            "med": 0.3496915,
            "min": 0.090804,
            "p(90)": 0.6601818000000002,
            "p(95)": 0.8026216999999992
        },
        "http_req_sending": {
            "avg": 0.0442398,
            "max": 0.130828,
            "med": 0.038622500000000004,
            "min": 0.02916,
            "p(90)": 0.0579413,
            "p(95)": 0.07028969999999995
        },
        "http_req_tls_handshaking": {
            "avg": 0,
            "max": 0,
            "med": 0,
            "min": 0,
            "p(90)": 0,
            "p(95)": 0
        },
        "http_req_waiting": {
            "avg": 3.9075286666666673,
            "max": 10.083229,
            "med": 3.4963365,
            "min": 2.701783,
            "p(90)": 4.844075600000001,
            "p(95)": 7.015284499999997
        },
        "http_reqs": {
            "count": 60,
            "rate": 0.9940302495970489
        },
        "iteration_duration": {
            "avg": 1004.9762609666669,
            "max": 1011.285911,
            "med": 1004.489538,
            "min": 1003.457282,
            "p(90)": 1006.6774009000001,
            "p(95)": 1008.23378295
        },
        "iterations": {
            "count": 60,
            "rate": 0.9940302495970489
        },
        "vus": {
            "max": 1,
            "min": 1,
            "value": 1
        },
        "vus_max": {
            "max": 1,
            "min": 1,
            "value": 1
        }
    },
    "root_group": {
        "name": "",
        "path": "",
        "id": "d41d8cd98f00b204e9800998ecf8427e",
        "groups": {},
        "checks": {
            "status was 200": {
                "name": "status was 200",
                "path": "::status was 200",
                "id": "1461660757a913d4fb82ac4c5e1009de",
                "passes": 60,
                "fails": 0
            }
        }
    }
}
